id	Pathway name
path:hsa05020	Prion diseases
path:hsa00190	Oxidative phosphorylation
path:hsa04514	Cell adhesion molecules (CAMs)
path:hsa04512	ECM-receptor interaction
path:hsa04510	Focal adhesion
path:hsa04210	Apoptosis
path:hsa04630	Jak-STAT signaling pathway
path:hsa04668	TNF signaling pathway
path:hsa05322	Systemic lupus erythematosus
path:hsa05320	Autoimmune thyroid disease
path:hsa04330	Notch signaling pathway
path:hsa04060	Cytokine-cytokine receptor interaction
path:hsa04064	NF-kappa B signaling pathway
path:hsa04151	PI3K-Akt signaling pathway
